sample_name,grp
sam1,0
sam2,0
sam3,1
sam4,0
sam5,1
sam6,1
sam7,0
sam8,0
sam9,1
sam10,0
sam11,0
sam12,1
sam13,1
sam14,0
sam15,1
sam16,1
sam17,1
sam18,1
sam19,1
sam20,0
sam21,0
sam22,1
sam23,1
sam24,1
sam25,0
sam26,0
sam27,1
sam28,1
sam29,1
sam30,1
sam31,1
sam32,0
sam33,0
sam34,0
sam35,1
sam36,0
sam37,0
sam38,1
sam39,1
sam40,0
sam41,0
sam42,1
sam43,1
sam44,0
sam45,1
sam46,1
sam47,0
sam48,0
sam49,1
sam50,1
sam51,1
sam52,1
sam53,0
sam54,1
sam55,0
sam56,1
sam57,1
sam58,1
sam59,1
sam60,0
sam61,1
sam62,1
sam63,1
sam64,0
sam65,1
sam66,1
sam67,0
sam68,0
sam69,0
sam70,0
sam71,1
sam72,0
sam73,0
sam74,1
sam75,1
sam76,1
sam77,1
sam78,0
sam79,1
sam80,0
sam81,1
sam82,0
sam83,0
sam84,1
sam85,0
sam86,1
sam87,1
sam88,0
sam89,1
sam90,0
sam91,0
sam92,0
sam93,1
sam94,1
sam95,1
sam96,0
sam97,0
sam98,0
sam99,1
sam100,1
sam101,1
sam102,0
sam103,0
sam104,1
sam105,0
sam106,1
sam107,1
sam108,0
sam109,0
sam110,1
sam111,0
sam112,1
sam113,0
sam114,0
sam115,0
sam116,1
sam117,0
sam118,1
sam119,1
sam120,0
sam121,1
sam122,1
sam123,1
sam124,1
sam125,0
sam126,0
sam127,0
sam128,0
sam129,1
sam130,0
sam131,1
sam132,0
sam133,0
sam134,1
sam135,1
sam136,1
sam137,0
sam138,1
sam139,1
sam140,1
sam141,0
sam142,1
sam143,0
sam144,1
sam145,0
sam146,0
sam147,0
sam148,0
sam149,1
sam150,1
sam151,0
sam152,1
sam153,0
sam154,0
sam155,1
sam156,0
sam157,0
sam158,0
sam159,0
sam160,0
sam161,0
sam162,0
sam163,0
sam164,1
sam165,1
sam166,0
sam167,0
sam168,0
sam169,0
sam170,0
sam171,1
sam172,0
sam173,0
sam174,0
sam175,0
sam176,0
sam177,1
sam178,1
sam179,1
sam180,1
sam181,1
sam182,0
sam183,1
sam184,1
sam185,0
sam186,0
sam187,0
sam188,0
sam189,1
sam190,1
sam191,1
sam192,0
sam193,1
sam194,1
sam195,0
sam196,1
sam197,0
sam198,0
sam199,1
sam200,1
sam201,0
sam202,0
sam203,0
sam204,0
sam205,1
sam206,0
sam207,0
sam208,1
sam209,0
sam210,0
sam211,0
sam212,0
sam213,1
sam214,0
sam215,0
sam216,1
sam217,0
sam218,1
sam219,1
sam220,1
sam221,0
sam222,1
sam223,0
sam224,1
sam225,1
sam226,1
sam227,1
sam228,1
sam229,0
sam230,0
sam231,1
sam232,1
sam233,1
sam234,1
sam235,1
sam236,1
sam237,0
sam238,0
sam239,1
sam240,1
sam241,1
sam242,1
sam243,1
sam244,0
sam245,1
sam246,1
sam247,0
sam248,1
sam249,0
sam250,0
sam251,0
sam252,1
sam253,1
sam254,1
sam255,1
sam256,0
sam257,0
sam258,0
sam259,1
sam260,0
sam261,1
sam262,1
sam263,0
sam264,0
sam265,0
sam266,0
sam267,0
sam268,1
sam269,1
sam270,0
sam271,0
sam272,0
sam273,1
sam274,1
sam275,0
sam276,1
sam277,1
sam278,1
sam279,1
sam280,0
sam281,1
sam282,0
sam283,0
sam284,1
sam285,0
sam286,1
sam287,0
sam288,1
sam289,0
sam290,0
sam291,1
sam292,0
sam293,0
sam294,1
sam295,0
sam296,0
sam297,0
sam298,0
sam299,1
sam300,1
sam301,1
sam302,0
sam303,1
sam304,1
sam305,1
sam306,0
sam307,0
sam308,1
sam309,1
sam310,0
sam311,0
sam312,0
sam313,0
sam314,0
sam315,1
sam316,0
sam317,1
sam318,0
sam319,0
sam320,1
sam321,0
sam322,0
sam323,0
sam324,0
sam325,0
sam326,1
sam327,1
sam328,1
sam329,0
sam330,1
sam331,0
sam332,1
sam333,0
sam334,1
sam335,1
sam336,1
sam337,1
sam338,0
sam339,0
sam340,1
sam341,1
sam342,0
sam343,1
sam344,0
sam345,0
sam346,1
sam347,1
sam348,1
sam349,1
sam350,0
sam351,0
sam352,0
sam353,0
sam354,1
sam355,0
sam356,0
sam357,0
sam358,1
sam359,1
sam360,0
sam361,1
sam362,0
sam363,0
sam364,1
sam365,1
sam366,1
sam367,0
sam368,0
sam369,1
sam370,0
sam371,1
sam372,1
sam373,1
sam374,0
sam375,0
sam376,0
sam377,1
sam378,0
sam379,0
sam380,1
sam381,0
sam382,0
sam383,1
sam384,1
sam385,1
sam386,0
sam387,0
sam388,1
sam389,1
sam390,1
sam391,1
sam392,1
sam393,1
sam394,0
sam395,1
sam396,1
sam397,1
sam398,0
sam399,1
sam400,1
sam401,0
sam402,1
sam403,1
sam404,1
sam405,1
sam406,1
sam407,1
sam408,1
sam409,1
sam410,0
sam411,0
sam412,0
sam413,1
sam414,1
sam415,1
sam416,0
sam417,0
sam418,0
sam419,0
sam420,1
sam421,1
sam422,0
sam423,1
sam424,0
sam425,1
sam426,1
sam427,0
sam428,1
sam429,0
sam430,0
sam431,0
sam432,1
sam433,1
sam434,1
sam435,1
sam436,1
sam437,1
sam438,0
sam439,1
sam440,1
sam441,0
sam442,1
sam443,1
sam444,1
sam445,0
sam446,0
sam447,0
sam448,1
sam449,0
sam450,1
sam451,1
sam452,1
sam453,1
sam454,0
sam455,1
sam456,0
sam457,1
sam458,1
sam459,0
sam460,1
sam461,1
sam462,1
sam463,1
sam464,1
sam465,0
sam466,1
sam467,1
sam468,1
sam469,0
sam470,1
sam471,0
sam472,0
sam473,1
sam474,1
sam475,1
sam476,0
sam477,1
sam478,1
sam479,0
sam480,1
sam481,1
sam482,0
sam483,1
sam484,0
sam485,0
sam486,0
sam487,0
sam488,0
sam489,1
sam490,0
sam491,0
sam492,1
sam493,1
sam494,1
sam495,1
sam496,0
sam497,0
sam498,0
sam499,1
sam500,0
sam501,1
sam502,1
sam503,1
sam504,1
sam505,0
sam506,0
sam507,0
sam508,0
sam509,0
sam510,0
sam511,1
sam512,1
sam513,0
sam514,1
sam515,1
sam516,1
sam517,0
sam518,1
sam519,0
sam520,0
sam521,0
sam522,0
sam523,1
sam524,0
sam525,1
sam526,0
sam527,1
sam528,0
sam529,1
sam530,0
sam531,0
sam532,1
sam533,1
sam534,1
sam535,0
sam536,0
sam537,1
sam538,0
sam539,0
sam540,0
sam541,1
sam542,1
sam543,1
sam544,0
sam545,1
sam546,0
sam547,0
sam548,1
sam549,0
sam550,0
sam551,0
sam552,0
sam553,0
sam554,0
sam555,0
sam556,0
sam557,0
sam558,1
sam559,0
sam560,1
sam561,1
sam562,1
sam563,1
sam564,1
sam565,0
sam566,1
sam567,0
sam568,0
sam569,0
sam570,1
sam571,1
sam572,0
sam573,0
sam574,0
sam575,1
sam576,0
sam577,0
sam578,0
sam579,1
sam580,1
sam581,0
sam582,0
sam583,1
sam584,0
sam585,0
sam586,0
sam587,0
sam588,1
sam589,0
sam590,0
sam591,1
sam592,0
sam593,0
sam594,1
sam595,1
sam596,0
sam597,1
sam598,1
sam599,0
sam600,0
sam601,1
sam602,0
sam603,0
sam604,0
sam605,0
sam606,1
sam607,1
sam608,0
sam609,1
sam610,1
sam611,0
sam612,0
sam613,1
sam614,0
sam615,0
sam616,0
sam617,1
sam618,0
sam619,1
sam620,0
sam621,1
sam622,0
sam623,1
sam624,1
sam625,1
sam626,0
sam627,0
sam628,0
sam629,1
sam630,0
sam631,0
sam632,0
sam633,1
sam634,0
sam635,1
sam636,0
sam637,1
sam638,0
sam639,0
sam640,1
sam641,1
sam642,1
sam643,0
sam644,0
sam645,1
sam646,0
sam647,1
sam648,0
sam649,0
sam650,0
sam651,0
sam652,1
sam653,1
sam654,0
sam655,0
sam656,1
sam657,1
sam658,0
sam659,0
sam660,0
sam661,1
sam662,0
sam663,0
sam664,0
sam665,0
sam666,1
sam667,0
sam668,1
sam669,0
sam670,1
sam671,1
sam672,1
sam673,0
sam674,0
sam675,0
sam676,0
sam677,1
sam678,0
sam679,0
sam680,1
sam681,0
sam682,0
sam683,0
sam684,1
sam685,1
sam686,0
sam687,1
sam688,1
sam689,1
sam690,1
sam691,1
sam692,0
sam693,0
sam694,0
sam695,0
sam696,0
sam697,1
sam698,1
sam699,0
sam700,1
sam701,0
sam702,0
sam703,0
sam704,0
sam705,1
sam706,1
sam707,0
sam708,0
sam709,0
sam710,1
sam711,1
sam712,1
sam713,1
sam714,0
sam715,1
sam716,1
sam717,1
sam718,0
sam719,1
sam720,1
sam721,1
sam722,0
sam723,1
sam724,0
sam725,0
sam726,1
sam727,1
sam728,1
sam729,0
sam730,1
sam731,1
sam732,1
sam733,1
sam734,1
sam735,0
sam736,1
sam737,0
sam738,1
sam739,1
sam740,1
sam741,1
sam742,0
sam743,0
sam744,0
sam745,1
sam746,0
sam747,0
sam748,1
sam749,0
sam750,1
sam751,1
sam752,1
sam753,0
sam754,0
sam755,1
sam756,0
sam757,0
sam758,0
sam759,0
sam760,1
sam761,0
sam762,1
sam763,0
sam764,1
sam765,0
sam766,0
sam767,0
sam768,0
sam769,1
sam770,0
sam771,1
sam772,1
sam773,1
sam774,0
sam775,1
sam776,0
sam777,0
sam778,1
sam779,0
sam780,0
sam781,1
sam782,1
sam783,0
sam784,0
sam785,0
sam786,0
sam787,1
sam788,1
sam789,1
sam790,1
sam791,1
sam792,0
sam793,1
sam794,0
sam795,0
sam796,1
sam797,0
sam798,1
sam799,1
sam800,1
sam801,0
sam802,0
sam803,0
sam804,0
sam805,0
sam806,1
sam807,1
sam808,1
sam809,0
sam810,1
sam811,1
sam812,1
sam813,0
sam814,0
sam815,1
sam816,1
sam817,0
sam818,0
sam819,1
sam820,1
sam821,0
sam822,0
sam823,1
sam824,0
sam825,1
sam826,0
sam827,1
sam828,1
sam829,0
sam830,0
sam831,1
sam832,1
sam833,0
sam834,1
sam835,1
sam836,0
sam837,1
sam838,0
sam839,0
sam840,1
sam841,0
sam842,0
sam843,1
sam844,1
sam845,1
sam846,0
sam847,0
sam848,0
sam849,1
sam850,0
sam851,1
sam852,1
sam853,0
sam854,1
sam855,1
sam856,1
sam857,0
sam858,0
sam859,1
sam860,1
sam861,1
sam862,0
sam863,1
sam864,0
sam865,0
sam866,1
sam867,0
sam868,0
sam869,0
sam870,1
sam871,0
sam872,1
sam873,1
sam874,1
sam875,0
sam876,1
sam877,1
sam878,0
sam879,0
sam880,1
sam881,1
sam882,1
sam883,1
sam884,0
sam885,0
sam886,1
sam887,1
sam888,0
sam889,0
sam890,0
sam891,0
sam892,1
sam893,0
sam894,1
sam895,0
sam896,0
sam897,1
sam898,1
sam899,0
sam900,1
sam901,0
sam902,1
sam903,0
sam904,1
sam905,1
sam906,0
sam907,0
sam908,1
sam909,0
sam910,0
sam911,1
sam912,0
sam913,1
sam914,1
sam915,0
sam916,1
sam917,0
sam918,1
sam919,1
sam920,0
sam921,1
sam922,1
sam923,0
sam924,1
sam925,1
sam926,1
sam927,0
sam928,1
sam929,1
sam930,1
sam931,0
sam932,0
sam933,0
sam934,1
sam935,1
sam936,0
sam937,1
sam938,1
sam939,1
sam940,0
sam941,0
sam942,0
sam943,0
sam944,1
sam945,0
sam946,0
sam947,1
sam948,0
sam949,0
sam950,1
sam951,0
sam952,0
sam953,0
sam954,0
sam955,1
sam956,1
sam957,1
sam958,1
sam959,1
sam960,1
sam961,1
sam962,0
sam963,1
sam964,0
sam965,0
sam966,0
sam967,0
sam968,1
sam969,1
sam970,0
sam971,1
sam972,0
sam973,0
sam974,1
sam975,0
sam976,1
sam977,0
sam978,1
sam979,0
sam980,0
sam981,1
sam982,0
sam983,1
sam984,0
sam985,0
sam986,0
sam987,0
sam988,0
sam989,0
sam990,1
sam991,1
sam992,0
sam993,0
sam994,0
sam995,0
sam996,1
sam997,1
sam998,0
sam999,1
sam1000,1
sam1001,0
sam1002,0
sam1003,0
sam1004,0
sam1005,1
sam1006,1
sam1007,0
sam1008,1
sam1009,1
sam1010,0
sam1011,1
sam1012,1
sam1013,0
sam1014,1
sam1015,1
sam1016,0
sam1017,0
sam1018,0
sam1019,1
sam1020,1
sam1021,0
sam1022,1
sam1023,1
sam1024,0
sam1025,0
sam1026,1
sam1027,0
sam1028,1
sam1029,0
sam1030,0
sam1031,1
sam1032,0
sam1033,0
sam1034,1
sam1035,0
sam1036,1
sam1037,0
sam1038,0
sam1039,1
sam1040,1
sam1041,0
sam1042,1
sam1043,0
sam1044,0
sam1045,0
sam1046,1
sam1047,1
sam1048,1
sam1049,1
sam1050,1
sam1051,0
sam1052,1
sam1053,0
sam1054,0
sam1055,0
sam1056,1
sam1057,0
sam1058,0
sam1059,0
sam1060,0
sam1061,0
sam1062,1
sam1063,1
sam1064,1
sam1065,0
sam1066,1
sam1067,0
sam1068,1
sam1069,1
sam1070,0
sam1071,1
sam1072,0
sam1073,1
sam1074,1
sam1075,0
sam1076,1
sam1077,0
sam1078,1
sam1079,0
sam1080,0
sam1081,1
sam1082,1
sam1083,1
sam1084,1
sam1085,0
sam1086,0
sam1087,0
sam1088,1
sam1089,1
sam1090,0
sam1091,1
sam1092,0
sam1093,0
sam1094,0
sam1095,1
sam1096,1
sam1097,1
sam1098,1
sam1099,0
sam1100,0
sam1101,0
sam1102,0
sam1103,0
sam1104,1
sam1105,0
sam1106,0
sam1107,0
sam1108,1
sam1109,0
sam1110,0
sam1111,1
sam1112,0
sam1113,1
sam1114,0
sam1115,0
sam1116,0
sam1117,1
sam1118,0
sam1119,0
sam1120,0
sam1121,0
sam1122,1
sam1123,0
sam1124,1
sam1125,1
sam1126,0
sam1127,1
sam1128,1
sam1129,1
sam1130,0
sam1131,1
sam1132,1
sam1133,0
sam1134,1
sam1135,0
sam1136,0
sam1137,0
sam1138,0
sam1139,0
sam1140,1
sam1141,0
sam1142,0
sam1143,1
sam1144,0
sam1145,1
sam1146,1
sam1147,0
sam1148,0
sam1149,0
sam1150,0
sam1151,1
sam1152,1
sam1153,1
sam1154,1
sam1155,0
sam1156,1
sam1157,0
sam1158,0
sam1159,0
sam1160,1
sam1161,1
sam1162,0
sam1163,0
sam1164,0
sam1165,1
sam1166,0
sam1167,1
sam1168,1
sam1169,1
sam1170,0
sam1171,1
sam1172,0
sam1173,1
sam1174,1
sam1175,1
sam1176,0
sam1177,1
sam1178,0
sam1179,1
sam1180,1
sam1181,0
sam1182,0
sam1183,0
sam1184,1
sam1185,0
sam1186,0
sam1187,0
sam1188,1
sam1189,1
sam1190,1
sam1191,1
sam1192,0
sam1193,1
sam1194,1
sam1195,1
sam1196,0
sam1197,0
sam1198,0
sam1199,1
sam1200,0
sam1201,1
sam1202,0
sam1203,1
sam1204,0
sam1205,1
sam1206,0
sam1207,0
sam1208,1
sam1209,0
sam1210,1
sam1211,1
sam1212,0
sam1213,1
sam1214,1
sam1215,1
sam1216,0
sam1217,0
sam1218,0
sam1219,1
sam1220,1
sam1221,1
sam1222,1
sam1223,0
sam1224,0
sam1225,0
sam1226,0
sam1227,0
sam1228,1
sam1229,1
sam1230,1
sam1231,0
sam1232,1
sam1233,1
sam1234,0
sam1235,0
sam1236,1
sam1237,0
sam1238,1
sam1239,0
sam1240,0
sam1241,0
sam1242,1
sam1243,0
sam1244,0
sam1245,0
sam1246,1
sam1247,1
sam1248,0
sam1249,0
sam1250,0
sam1251,0
sam1252,0
sam1253,1
sam1254,1
sam1255,1
sam1256,1
sam1257,1
sam1258,1
sam1259,1
sam1260,0
sam1261,0
sam1262,1
sam1263,1
sam1264,1
sam1265,1
sam1266,0
sam1267,1
sam1268,0
sam1269,1
sam1270,0
sam1271,0
sam1272,1
sam1273,1
sam1274,1
sam1275,0
sam1276,0
sam1277,0
sam1278,0
sam1279,1
sam1280,1
sam1281,0
sam1282,1
sam1283,1
sam1284,1
sam1285,0
sam1286,1
sam1287,1
sam1288,0
sam1289,1
sam1290,0
sam1291,1
sam1292,0
sam1293,0
sam1294,0
sam1295,0
sam1296,0
sam1297,0
sam1298,1
sam1299,0
sam1300,0
sam1301,1
sam1302,1
sam1303,0
sam1304,1
sam1305,0
sam1306,1
sam1307,0
sam1308,0
sam1309,0
sam1310,0
sam1311,0
sam1312,1
sam1313,0
sam1314,0
sam1315,1
sam1316,1
sam1317,0
sam1318,1
sam1319,0
sam1320,0
sam1321,0
sam1322,0
sam1323,0
sam1324,0
sam1325,0
sam1326,1
sam1327,1
sam1328,0
sam1329,1
sam1330,1
sam1331,1
sam1332,1
sam1333,1
sam1334,0
sam1335,1
sam1336,1
sam1337,0
sam1338,0
sam1339,1
sam1340,1
sam1341,1
sam1342,0
sam1343,0
sam1344,1
sam1345,0
sam1346,1
sam1347,0
sam1348,0
sam1349,1
sam1350,0
sam1351,0
sam1352,1
sam1353,0
sam1354,1
sam1355,0
sam1356,0
sam1357,0
sam1358,0
sam1359,1
sam1360,0
sam1361,0
sam1362,0
sam1363,0
sam1364,0
sam1365,1
sam1366,0
sam1367,1
sam1368,1
sam1369,1
sam1370,0
sam1371,0
sam1372,0
sam1373,1
sam1374,0
sam1375,1
sam1376,0
sam1377,0
sam1378,0
sam1379,1
sam1380,0
sam1381,0
sam1382,0
sam1383,0
sam1384,1
sam1385,0
sam1386,1
sam1387,0
sam1388,0
sam1389,0
sam1390,0
sam1391,1
sam1392,0
sam1393,1
sam1394,1
sam1395,1
sam1396,1
sam1397,1
sam1398,1
sam1399,0
sam1400,1
sam1401,1
sam1402,0
sam1403,1
sam1404,1
sam1405,1
sam1406,0
sam1407,1
sam1408,1
sam1409,0
sam1410,1
sam1411,1
sam1412,1
sam1413,1
sam1414,1
sam1415,1
sam1416,1
sam1417,0
sam1418,0
sam1419,1
sam1420,0
sam1421,0
sam1422,0
sam1423,1
sam1424,0
sam1425,0
sam1426,1
sam1427,1
sam1428,1
sam1429,0
sam1430,1
sam1431,0
sam1432,0
sam1433,0
sam1434,0
sam1435,0
sam1436,0
sam1437,1
sam1438,0
sam1439,0
sam1440,1
sam1441,0
sam1442,1
sam1443,0
sam1444,0
sam1445,0
sam1446,0
sam1447,1
sam1448,0
sam1449,1
sam1450,0
sam1451,1
sam1452,0
sam1453,1
sam1454,1
sam1455,0
sam1456,0
sam1457,1
sam1458,1
sam1459,0
sam1460,1
sam1461,0
sam1462,1
sam1463,0
sam1464,1
sam1465,0
sam1466,0
sam1467,0
sam1468,1
sam1469,1
sam1470,0
sam1471,1
sam1472,0
sam1473,0
sam1474,1
sam1475,1
sam1476,1
sam1477,0
sam1478,1
sam1479,0
sam1480,1
sam1481,0
sam1482,1
sam1483,1
sam1484,1
sam1485,1
sam1486,1
sam1487,0
sam1488,0
sam1489,1
sam1490,1
sam1491,0
sam1492,1
sam1493,0
sam1494,1
sam1495,1
sam1496,1
sam1497,0
sam1498,1
sam1499,1
sam1500,1
sam1501,0
sam1502,1
sam1503,1
sam1504,1
sam1505,1
sam1506,0
sam1507,1
sam1508,1
sam1509,0
sam1510,1
sam1511,1
sam1512,0
sam1513,1
sam1514,0
sam1515,1
sam1516,0
sam1517,1
sam1518,1
sam1519,1
sam1520,1
sam1521,0
sam1522,0
sam1523,1
sam1524,0
sam1525,1
sam1526,0
sam1527,1
sam1528,0
sam1529,1
sam1530,0
sam1531,0
sam1532,0
sam1533,1
sam1534,1
sam1535,1
sam1536,1
sam1537,1
sam1538,1
sam1539,1
sam1540,0
sam1541,1
sam1542,1
sam1543,1
sam1544,0
sam1545,0
sam1546,0
sam1547,1
sam1548,1
sam1549,0
sam1550,0
sam1551,1
sam1552,0
sam1553,1
sam1554,0
sam1555,0
sam1556,1
sam1557,1
sam1558,0
sam1559,1
sam1560,1
sam1561,0
sam1562,1
sam1563,1
sam1564,0
sam1565,0
sam1566,0
sam1567,1
sam1568,1
sam1569,0
sam1570,0
sam1571,0
sam1572,1
sam1573,0
sam1574,1
sam1575,1
sam1576,0
sam1577,1
sam1578,0
sam1579,1
sam1580,0
sam1581,1
sam1582,1
sam1583,0
sam1584,1
sam1585,0
sam1586,0
sam1587,0
sam1588,1
sam1589,1
sam1590,0
sam1591,1
sam1592,0
sam1593,1
sam1594,0
sam1595,1
sam1596,1
sam1597,0
sam1598,0
sam1599,1
sam1600,1
sam1601,0
sam1602,1
sam1603,0
sam1604,1
sam1605,1
sam1606,1
sam1607,0
sam1608,1
sam1609,1
sam1610,0
sam1611,1
sam1612,0
sam1613,1
sam1614,0
sam1615,0
sam1616,0
sam1617,1
sam1618,0
sam1619,0
sam1620,0
sam1621,0
sam1622,0
sam1623,0
sam1624,0
sam1625,1
sam1626,0
sam1627,1
sam1628,0
sam1629,0
sam1630,0
sam1631,1
sam1632,0
sam1633,0
sam1634,1
sam1635,0
sam1636,0
sam1637,1
sam1638,1
sam1639,0
sam1640,1
sam1641,0
sam1642,0
sam1643,1
sam1644,1
sam1645,1
sam1646,0
sam1647,1
sam1648,1
sam1649,0
sam1650,1
sam1651,0
sam1652,1
sam1653,0
sam1654,1
sam1655,0
sam1656,0
sam1657,0
sam1658,1
sam1659,1
sam1660,0
sam1661,0
sam1662,1
sam1663,0
sam1664,1
sam1665,1
sam1666,1
sam1667,1
sam1668,0
sam1669,1
sam1670,1
sam1671,1
sam1672,0
sam1673,0
sam1674,0
sam1675,1
sam1676,0
sam1677,1
sam1678,0
sam1679,0
sam1680,0
sam1681,1
sam1682,0
sam1683,0
sam1684,1
sam1685,0
sam1686,1
sam1687,1
sam1688,1
sam1689,0
sam1690,0
sam1691,0
sam1692,0
sam1693,1
sam1694,0
sam1695,1
sam1696,1
sam1697,0
sam1698,0
sam1699,0
sam1700,0
sam1701,1
sam1702,1
sam1703,1
sam1704,1
sam1705,1
sam1706,1
sam1707,0
sam1708,0
sam1709,1
sam1710,0
sam1711,1
sam1712,0
sam1713,0
sam1714,1
sam1715,1
sam1716,0
sam1717,1
sam1718,1
sam1719,0
sam1720,0
sam1721,0
sam1722,1
sam1723,0
sam1724,0
sam1725,0
sam1726,1
sam1727,1
sam1728,0
sam1729,0
sam1730,1
sam1731,0
sam1732,0
sam1733,0
sam1734,1
sam1735,1
sam1736,1
sam1737,1
sam1738,0
sam1739,0
sam1740,0
sam1741,0
sam1742,1
sam1743,1
sam1744,1
sam1745,0
sam1746,0
sam1747,0
sam1748,1
sam1749,1
sam1750,1
sam1751,0
sam1752,1
sam1753,1
sam1754,1
sam1755,1
sam1756,0
sam1757,0
sam1758,1
sam1759,1
sam1760,1
sam1761,0
sam1762,1
sam1763,0
sam1764,0
sam1765,0
sam1766,0
sam1767,1
sam1768,1
sam1769,1
sam1770,0
sam1771,0
sam1772,0
sam1773,0
sam1774,1
sam1775,1
sam1776,0
sam1777,1
sam1778,0
sam1779,0
sam1780,1
sam1781,0
sam1782,1
sam1783,1
sam1784,0
sam1785,0
sam1786,1
sam1787,0
sam1788,1
sam1789,1
sam1790,1
sam1791,1
sam1792,0
sam1793,1
sam1794,1
sam1795,0
sam1796,1
sam1797,1
sam1798,0
sam1799,1
sam1800,0
sam1801,0
sam1802,1
sam1803,0
sam1804,1
sam1805,0
sam1806,0
sam1807,0
sam1808,0
sam1809,1
sam1810,0
sam1811,1
sam1812,0
sam1813,0
sam1814,1
sam1815,0
sam1816,0
sam1817,0
sam1818,1
sam1819,0
sam1820,0
sam1821,1
sam1822,0
sam1823,0
sam1824,1
sam1825,1
sam1826,0
sam1827,1
sam1828,1
sam1829,1
sam1830,1
sam1831,0
sam1832,1
sam1833,0
sam1834,1
sam1835,0
sam1836,0
sam1837,1
sam1838,0
sam1839,1
sam1840,0
sam1841,1
sam1842,0
sam1843,0
sam1844,1
sam1845,1
sam1846,0
sam1847,0
sam1848,0
sam1849,0
sam1850,0
sam1851,1
sam1852,0
sam1853,1
sam1854,1
sam1855,1
sam1856,1
sam1857,0
sam1858,1
sam1859,1
sam1860,0
sam1861,1
sam1862,0
sam1863,1
sam1864,0
sam1865,1
sam1866,1
sam1867,1
sam1868,1
sam1869,0
sam1870,1
sam1871,0
sam1872,1
sam1873,0
sam1874,1
sam1875,1
sam1876,1
sam1877,1
sam1878,1
sam1879,0
sam1880,1
sam1881,1
sam1882,1
sam1883,1
sam1884,0
sam1885,1
sam1886,1
sam1887,0
sam1888,1
sam1889,0
sam1890,0
sam1891,0
sam1892,1
sam1893,1
sam1894,0
sam1895,1
sam1896,0
sam1897,1
sam1898,0
sam1899,0
sam1900,1
sam1901,0
sam1902,0
sam1903,1
sam1904,0
sam1905,0
sam1906,1
sam1907,0
sam1908,0
sam1909,0
sam1910,0
sam1911,0
sam1912,1
sam1913,0
sam1914,1
sam1915,1
sam1916,0
sam1917,0
sam1918,0
sam1919,0
sam1920,0
sam1921,1
sam1922,1
sam1923,0
sam1924,0
sam1925,1
sam1926,1
sam1927,1
sam1928,1
sam1929,0
sam1930,1
sam1931,1
sam1932,0
sam1933,1
sam1934,0
sam1935,0
sam1936,1
sam1937,1
sam1938,0
sam1939,1
sam1940,1
sam1941,0
sam1942,1
sam1943,0
sam1944,1
sam1945,0
sam1946,0
sam1947,0
sam1948,1
sam1949,0
sam1950,1
sam1951,1
sam1952,0
sam1953,1
sam1954,0
sam1955,1
sam1956,0
sam1957,0
sam1958,0
sam1959,1
sam1960,1
sam1961,1
sam1962,1
sam1963,1
sam1964,0
sam1965,0
sam1966,1
sam1967,0
sam1968,1
sam1969,0
sam1970,1
sam1971,0
sam1972,1
sam1973,1
sam1974,1
sam1975,0
sam1976,0
sam1977,1
sam1978,0
sam1979,0
sam1980,0
sam1981,1
sam1982,0
sam1983,0
sam1984,1
sam1985,1
sam1986,1
sam1987,0
sam1988,0
sam1989,0
sam1990,0
sam1991,0
sam1992,1
sam1993,1
sam1994,1
sam1995,0
sam1996,1
sam1997,0
sam1998,1
sam1999,1
sam2000,1
sam2001,1
sam2002,0
sam2003,0
sam2004,1
sam2005,0
sam2006,0
sam2007,1
sam2008,1
sam2009,0
sam2010,0
sam2011,1
sam2012,1
sam2013,0
sam2014,0
sam2015,1
sam2016,0
sam2017,0
sam2018,0
sam2019,0
sam2020,1
sam2021,0
sam2022,1
sam2023,1
sam2024,1
sam2025,1
sam2026,0
sam2027,0
sam2028,1
sam2029,0
sam2030,1
sam2031,0
sam2032,1
sam2033,0
sam2034,0
sam2035,0
sam2036,0
sam2037,0
sam2038,1
sam2039,1
sam2040,0
sam2041,1
sam2042,0
sam2043,0
sam2044,1
sam2045,1
sam2046,0
sam2047,1
sam2048,0
sam2049,0
sam2050,1
sam2051,1
sam2052,1
sam2053,1
sam2054,1
sam2055,0
sam2056,1
sam2057,1
sam2058,1
sam2059,0
sam2060,1
sam2061,0
sam2062,1
sam2063,1
sam2064,0
sam2065,1
sam2066,0
sam2067,1
sam2068,1
sam2069,1
sam2070,0
sam2071,1
sam2072,1
sam2073,1
sam2074,1
sam2075,0
sam2076,1
sam2077,1
sam2078,1
sam2079,1
sam2080,0
sam2081,1
sam2082,0
sam2083,0
sam2084,1
sam2085,1
sam2086,0
sam2087,1
sam2088,0
sam2089,0
sam2090,0
sam2091,1
sam2092,0
sam2093,1
sam2094,1
sam2095,0
sam2096,1
sam2097,1
sam2098,0
sam2099,0
sam2100,0
sam2101,1
sam2102,1
sam2103,1
sam2104,1
sam2105,0
sam2106,1
sam2107,1
sam2108,0
sam2109,0
sam2110,0
sam2111,1
sam2112,0
sam2113,0
sam2114,1
sam2115,0
sam2116,1
sam2117,1
sam2118,1
sam2119,1
sam2120,1
sam2121,1
sam2122,1
sam2123,0
sam2124,1
sam2125,0
sam2126,1
sam2127,1
sam2128,0
sam2129,0
sam2130,1
sam2131,1
sam2132,1
sam2133,1
sam2134,1
sam2135,0
sam2136,1
sam2137,1
sam2138,0
sam2139,1
sam2140,0
sam2141,1
sam2142,1
sam2143,0
sam2144,0
sam2145,1
sam2146,0
sam2147,1
sam2148,1
sam2149,1
sam2150,0
sam2151,1
sam2152,1
sam2153,0
sam2154,0
sam2155,1
sam2156,0
sam2157,1
sam2158,1
sam2159,1
sam2160,1
sam2161,1
sam2162,0
sam2163,0
sam2164,1
sam2165,0
sam2166,0
sam2167,1
sam2168,0
sam2169,0
sam2170,1
sam2171,1
sam2172,0
sam2173,1
sam2174,1
sam2175,0
sam2176,1
sam2177,1
sam2178,1
sam2179,0
sam2180,1
sam2181,1
sam2182,0
sam2183,1
sam2184,1
sam2185,1
sam2186,0
sam2187,0
sam2188,0
sam2189,1
sam2190,1
sam2191,0
sam2192,1
sam2193,0
sam2194,1
sam2195,0
sam2196,0
sam2197,1
sam2198,1
sam2199,0
sam2200,1
sam2201,1
sam2202,1
sam2203,0
sam2204,0
sam2205,1
sam2206,0
sam2207,1
sam2208,1
sam2209,0
sam2210,0
sam2211,1
sam2212,0
sam2213,0
sam2214,0
sam2215,0
sam2216,0
sam2217,1
sam2218,0
sam2219,0
sam2220,1
sam2221,1
sam2222,0
sam2223,0
sam2224,1
sam2225,1
sam2226,0
sam2227,1
sam2228,0
sam2229,1
sam2230,0
sam2231,0
sam2232,1
sam2233,0
sam2234,0
sam2235,0
sam2236,0
sam2237,1
sam2238,1
sam2239,1
sam2240,0
sam2241,1
sam2242,0
sam2243,1
sam2244,1
sam2245,1
sam2246,1
sam2247,1
sam2248,0
sam2249,1
sam2250,1
sam2251,0
sam2252,0
sam2253,1
sam2254,1
sam2255,1
sam2256,0
sam2257,1
sam2258,1
sam2259,0
sam2260,1
sam2261,1
sam2262,0
sam2263,1
sam2264,0
sam2265,1
sam2266,1
sam2267,0
sam2268,0
sam2269,1
sam2270,1
sam2271,0
sam2272,0
sam2273,1
sam2274,1
sam2275,1
sam2276,1
sam2277,0
sam2278,1
sam2279,1
sam2280,1
sam2281,1
sam2282,1
sam2283,0
sam2284,1
sam2285,0
sam2286,0
sam2287,1
sam2288,0
sam2289,1
sam2290,0
sam2291,1
sam2292,1
sam2293,0
sam2294,0
sam2295,0
sam2296,1
sam2297,0
sam2298,1
sam2299,0
sam2300,1
sam2301,1
sam2302,0
sam2303,1
sam2304,1
sam2305,0
sam2306,1
sam2307,1
sam2308,1
sam2309,0
sam2310,1
sam2311,1
sam2312,1
sam2313,1
sam2314,1
sam2315,0
sam2316,0
sam2317,1
sam2318,0
sam2319,0
sam2320,1
sam2321,0
sam2322,0
sam2323,0
sam2324,1
sam2325,0
sam2326,0
sam2327,1
sam2328,0
sam2329,1
sam2330,0
sam2331,0
sam2332,1
sam2333,0
sam2334,0
sam2335,0
sam2336,0
sam2337,1
sam2338,0
sam2339,0
sam2340,1
sam2341,0
sam2342,0
sam2343,0
sam2344,0
sam2345,0
sam2346,0
sam2347,1
sam2348,0
sam2349,1
sam2350,1
sam2351,0
sam2352,0
sam2353,0
sam2354,0
sam2355,1
sam2356,1
sam2357,0
sam2358,1
sam2359,0
sam2360,1
sam2361,1
sam2362,0
sam2363,1
sam2364,1
sam2365,0
sam2366,1
sam2367,0
sam2368,1
sam2369,1
sam2370,0
sam2371,0
sam2372,1
sam2373,1
sam2374,1
sam2375,0
sam2376,0
sam2377,1
sam2378,1
sam2379,0
sam2380,0
sam2381,1
sam2382,0
sam2383,0
sam2384,0
sam2385,0
sam2386,1
sam2387,1
sam2388,1
sam2389,1
sam2390,0
sam2391,1
sam2392,1
sam2393,0
sam2394,1
sam2395,1
sam2396,0
sam2397,1
sam2398,1
sam2399,0
sam2400,0
sam2401,1
sam2402,1
sam2403,1
sam2404,1
sam2405,0
sam2406,1
sam2407,0
sam2408,0
sam2409,0
sam2410,1
sam2411,0
sam2412,0
sam2413,1
sam2414,1
sam2415,0
sam2416,1
sam2417,0
sam2418,0
sam2419,0
sam2420,0
sam2421,1
sam2422,1
sam2423,1
sam2424,1
sam2425,0
sam2426,0
sam2427,0
sam2428,0
sam2429,1
sam2430,0
sam2431,0
sam2432,0
sam2433,0
sam2434,1
sam2435,0
sam2436,0
sam2437,1
sam2438,1
sam2439,1
sam2440,1
sam2441,0
sam2442,1
sam2443,0
sam2444,1
sam2445,0
sam2446,0
sam2447,0
sam2448,1
sam2449,0
sam2450,0
sam2451,1
sam2452,0
sam2453,0
sam2454,1
sam2455,0
sam2456,1
sam2457,1
sam2458,1
sam2459,1
sam2460,0
sam2461,1
sam2462,0
sam2463,0
sam2464,1
sam2465,0
sam2466,0
sam2467,1
sam2468,0
sam2469,1
sam2470,1
sam2471,0
sam2472,0
sam2473,0
sam2474,0
sam2475,1
sam2476,1
sam2477,0
sam2478,0
sam2479,0
sam2480,1
sam2481,0
sam2482,0
sam2483,1
sam2484,0
sam2485,0
sam2486,1
sam2487,1
sam2488,1
sam2489,0
sam2490,1
sam2491,0
sam2492,0
sam2493,0
sam2494,1
sam2495,0
sam2496,0
sam2497,1
sam2498,1
sam2499,1
sam2500,0
sam2501,1
sam2502,0
sam2503,0
sam2504,1
sam2505,0
sam2506,1
sam2507,0
sam2508,1
sam2509,1
sam2510,1
sam2511,1
sam2512,1
sam2513,0
sam2514,0
sam2515,0
sam2516,1
sam2517,1
sam2518,0
sam2519,0
sam2520,0
sam2521,1
sam2522,1
sam2523,0
sam2524,0
sam2525,1
sam2526,0
sam2527,1
sam2528,0
sam2529,0
sam2530,0
sam2531,1
sam2532,0
sam2533,0
sam2534,1
sam2535,0
sam2536,0
sam2537,1
sam2538,0
sam2539,0
sam2540,1
sam2541,0
sam2542,0
sam2543,0
sam2544,0
sam2545,1
sam2546,1
sam2547,0
sam2548,1
sam2549,0
sam2550,0
sam2551,0
sam2552,1
sam2553,1
sam2554,1
sam2555,1
sam2556,0
sam2557,0
sam2558,0
sam2559,0
sam2560,0
sam2561,0
sam2562,0
sam2563,0
sam2564,0
sam2565,0
sam2566,1
sam2567,0
sam2568,0
sam2569,0
sam2570,1
sam2571,1
sam2572,0
sam2573,0
sam2574,1
sam2575,1
sam2576,0
sam2577,1
sam2578,1
sam2579,0
sam2580,0
sam2581,0
sam2582,0
sam2583,1
sam2584,0
sam2585,1
sam2586,1
sam2587,1
sam2588,1
sam2589,1
sam2590,0
sam2591,0
sam2592,1
sam2593,1
sam2594,0
sam2595,0
sam2596,0
sam2597,1
sam2598,0
sam2599,0
sam2600,0
sam2601,0
sam2602,0
sam2603,1
sam2604,1
sam2605,0
sam2606,0
sam2607,0
sam2608,0
sam2609,1
sam2610,0
sam2611,0
sam2612,1
sam2613,0
sam2614,1
sam2615,1
sam2616,0
sam2617,1
sam2618,1
sam2619,0
sam2620,0
sam2621,1
sam2622,0
sam2623,1
sam2624,1
sam2625,1
sam2626,0
sam2627,1
sam2628,0
sam2629,1
sam2630,0
sam2631,1
sam2632,0
sam2633,1
sam2634,1
sam2635,0
sam2636,1
sam2637,1
sam2638,0
sam2639,1
sam2640,0
sam2641,0
sam2642,1
sam2643,1
sam2644,1
sam2645,0
sam2646,0
sam2647,0
sam2648,1
sam2649,0
sam2650,1
sam2651,1
sam2652,0
sam2653,1
sam2654,0
sam2655,1
sam2656,0
sam2657,0
sam2658,1
sam2659,1
sam2660,1
sam2661,0
sam2662,0
sam2663,1
sam2664,1
sam2665,1
sam2666,1
sam2667,1
sam2668,0
sam2669,1
sam2670,1
sam2671,0
sam2672,0
sam2673,1
sam2674,0
sam2675,0
sam2676,0
sam2677,0
sam2678,0
sam2679,1
sam2680,1
sam2681,1
sam2682,0
sam2683,0
sam2684,0
sam2685,0
sam2686,0
sam2687,0
sam2688,0
sam2689,0
sam2690,0
sam2691,1
sam2692,1
sam2693,1
sam2694,0
sam2695,1
sam2696,0
sam2697,1
sam2698,1
sam2699,0
sam2700,1
sam2701,0
sam2702,1
sam2703,1
sam2704,1
sam2705,1
sam2706,1
sam2707,0
sam2708,0
sam2709,1
sam2710,0
sam2711,1
sam2712,1
sam2713,0
sam2714,0
sam2715,1
sam2716,0
sam2717,0
sam2718,1
sam2719,0
sam2720,0
sam2721,0
sam2722,1
sam2723,0
sam2724,0
sam2725,0
sam2726,0
sam2727,0
sam2728,0
sam2729,1
sam2730,0
sam2731,1
sam2732,0
sam2733,0
sam2734,0
sam2735,0
sam2736,1
sam2737,0
sam2738,0
sam2739,1
sam2740,1
sam2741,0
sam2742,0
sam2743,1
sam2744,1
sam2745,0
sam2746,0
sam2747,0
sam2748,0
sam2749,0
sam2750,1
sam2751,1
sam2752,1
sam2753,1
sam2754,1
sam2755,1
sam2756,1
sam2757,1
sam2758,1
sam2759,1
sam2760,1
sam2761,1
sam2762,1
sam2763,0
sam2764,1
sam2765,0
sam2766,0
sam2767,0
sam2768,1
sam2769,0
sam2770,0
sam2771,0
sam2772,1
sam2773,0
sam2774,0
sam2775,1
sam2776,0
sam2777,1
sam2778,0
sam2779,0
sam2780,0
sam2781,1
sam2782,1
sam2783,0
sam2784,0
sam2785,0
sam2786,1
sam2787,1
sam2788,1
sam2789,0
sam2790,1
sam2791,1
sam2792,0
sam2793,1
sam2794,1
sam2795,0
sam2796,1
sam2797,1
sam2798,1
sam2799,0
sam2800,1
sam2801,1
sam2802,0
sam2803,0
sam2804,0
sam2805,0
sam2806,1
sam2807,0
sam2808,1
sam2809,1
sam2810,1
sam2811,0
sam2812,1
sam2813,0
sam2814,1
sam2815,0
sam2816,0
sam2817,0
sam2818,1
sam2819,0
sam2820,1
sam2821,1
sam2822,0
sam2823,1
sam2824,0
sam2825,1
sam2826,1
sam2827,1
sam2828,1
sam2829,1
sam2830,0
sam2831,0
sam2832,1
sam2833,0
sam2834,1
sam2835,1
sam2836,0
sam2837,0
sam2838,0
sam2839,0
sam2840,1
sam2841,0
sam2842,0
sam2843,1
sam2844,1
sam2845,1
sam2846,1
sam2847,1
sam2848,1
sam2849,0
sam2850,1
sam2851,0
sam2852,0
sam2853,1
sam2854,1
sam2855,0
sam2856,1
sam2857,1
sam2858,0
sam2859,1
sam2860,1
sam2861,1
sam2862,1
sam2863,0
sam2864,1
sam2865,1
sam2866,1
sam2867,1
sam2868,1
sam2869,1
sam2870,1
sam2871,0
sam2872,0
sam2873,1
sam2874,0
sam2875,1
sam2876,0
sam2877,1
sam2878,0
sam2879,0
sam2880,0
sam2881,0
sam2882,1
sam2883,0
sam2884,1
sam2885,1
sam2886,0
sam2887,1
sam2888,0
sam2889,0
sam2890,1
sam2891,1
sam2892,1
sam2893,1
sam2894,1
sam2895,1
sam2896,1
sam2897,1
sam2898,1
sam2899,0
sam2900,1
sam2901,1
sam2902,0
sam2903,1
sam2904,0
sam2905,0
sam2906,1
sam2907,0
sam2908,1
sam2909,0
sam2910,1
sam2911,0
sam2912,0
sam2913,0
sam2914,0
sam2915,1
sam2916,0
sam2917,1
sam2918,1
sam2919,0
sam2920,1
sam2921,1
sam2922,1
sam2923,0
sam2924,1
sam2925,1
sam2926,0
sam2927,0
sam2928,1
sam2929,0
sam2930,0
sam2931,1
sam2932,0
sam2933,0
sam2934,1
sam2935,1
sam2936,1
sam2937,0
sam2938,0
sam2939,1
sam2940,0
sam2941,0
sam2942,0
sam2943,1
sam2944,1
sam2945,0
sam2946,0
sam2947,1
sam2948,0
sam2949,0
sam2950,0
sam2951,0
sam2952,0
sam2953,0
sam2954,0
sam2955,0
sam2956,1
sam2957,1
sam2958,1
sam2959,1
sam2960,1
sam2961,0
sam2962,1
sam2963,1
sam2964,0
sam2965,0
sam2966,1
sam2967,1
sam2968,1
sam2969,1
sam2970,1
sam2971,0
sam2972,1
sam2973,1
sam2974,0
sam2975,1
sam2976,0
sam2977,1
sam2978,0
sam2979,1
sam2980,1
sam2981,1
sam2982,1
sam2983,1
sam2984,0
sam2985,0
sam2986,1
sam2987,0
sam2988,1
sam2989,0
sam2990,1
sam2991,1
sam2992,0
sam2993,1
sam2994,1
sam2995,0
sam2996,1
sam2997,1
sam2998,0
sam2999,0
sam3000,0
sam3001,1
sam3002,0
sam3003,1
sam3004,0
sam3005,0
sam3006,0
sam3007,0
sam3008,1
sam3009,0
sam3010,0
sam3011,0
sam3012,0
sam3013,1
sam3014,0
sam3015,1
sam3016,0
sam3017,1
sam3018,1
sam3019,1
sam3020,1
sam3021,1
sam3022,1
sam3023,1
sam3024,1
sam3025,0
sam3026,0
sam3027,1
sam3028,0
sam3029,0
sam3030,0
sam3031,0
sam3032,1
sam3033,0
sam3034,0
sam3035,1
sam3036,0
sam3037,0
sam3038,1
sam3039,1
sam3040,0
sam3041,1
sam3042,1
sam3043,1
sam3044,0
sam3045,0
sam3046,1
sam3047,1
sam3048,0
sam3049,0
sam3050,1
sam3051,1
sam3052,0
sam3053,0
sam3054,1
sam3055,0
sam3056,1
sam3057,1
sam3058,1
sam3059,1
sam3060,1
sam3061,1
sam3062,1
sam3063,1
sam3064,0
sam3065,0
sam3066,0
sam3067,0
sam3068,1
sam3069,1
sam3070,0
sam3071,0
sam3072,1
sam3073,1
sam3074,0
sam3075,1
sam3076,1
sam3077,0
sam3078,1
sam3079,0
sam3080,1
sam3081,0
sam3082,0
sam3083,0
sam3084,1
sam3085,0
sam3086,1
sam3087,1
sam3088,0
sam3089,0
sam3090,1
sam3091,1
sam3092,0
sam3093,1
sam3094,0
sam3095,1
sam3096,1
sam3097,0
sam3098,0
sam3099,0
sam3100,1
sam3101,1
sam3102,0
sam3103,0
sam3104,0
sam3105,0
sam3106,1
sam3107,0
sam3108,1
sam3109,1
sam3110,0
sam3111,0
sam3112,1
sam3113,1
sam3114,1
sam3115,1
sam3116,0
sam3117,1
sam3118,0
sam3119,1
sam3120,1
sam3121,1
sam3122,0
sam3123,1
sam3124,1
sam3125,1
sam3126,0
sam3127,1
sam3128,0
sam3129,0
sam3130,1
sam3131,0
sam3132,1
sam3133,0
sam3134,1
sam3135,1
sam3136,1
sam3137,0
sam3138,1
sam3139,0
sam3140,0
sam3141,1
sam3142,1
sam3143,0
sam3144,0
sam3145,0
sam3146,1
sam3147,1
sam3148,1
sam3149,1
sam3150,1
sam3151,0
sam3152,1
sam3153,1
sam3154,1
sam3155,1
sam3156,1
sam3157,1
sam3158,1
sam3159,0
sam3160,1
sam3161,1
sam3162,0
sam3163,1
sam3164,0
sam3165,1
sam3166,0
sam3167,0
sam3168,1
sam3169,1
sam3170,0
sam3171,1
sam3172,0
sam3173,1
sam3174,0
sam3175,0
sam3176,1
sam3177,0
sam3178,1
sam3179,0
sam3180,1
sam3181,0
sam3182,0
sam3183,1
sam3184,1
sam3185,1
sam3186,0
sam3187,0
sam3188,1
sam3189,0
sam3190,0
sam3191,1
sam3192,1
sam3193,0
sam3194,1
sam3195,1
sam3196,0
sam3197,0
sam3198,0
sam3199,1
sam3200,1
sam3201,1
sam3202,1
sam3203,0
sam3204,1
sam3205,1
sam3206,1
sam3207,0
sam3208,0
sam3209,0
sam3210,0
sam3211,1
sam3212,0
sam3213,0
sam3214,1
sam3215,1
sam3216,0
sam3217,0
sam3218,0
sam3219,1
sam3220,1
sam3221,0
sam3222,0
sam3223,1
sam3224,1
sam3225,0
sam3226,1
sam3227,0
sam3228,0
sam3229,1
sam3230,0
sam3231,0
sam3232,1
sam3233,0
sam3234,0
sam3235,1
sam3236,0
sam3237,1
sam3238,0
sam3239,0
sam3240,1
sam3241,0
sam3242,0
sam3243,0
sam3244,0
sam3245,0
sam3246,0
sam3247,0
sam3248,1
sam3249,0
sam3250,1
sam3251,0
sam3252,0
sam3253,0
sam3254,0
sam3255,1
sam3256,1
sam3257,0
sam3258,1
sam3259,1
sam3260,0
sam3261,1
sam3262,1
sam3263,1
sam3264,1
sam3265,0
sam3266,1
sam3267,0
sam3268,0
sam3269,0
sam3270,0
sam3271,1
sam3272,1
sam3273,1
sam3274,0
sam3275,0
sam3276,0
sam3277,0
sam3278,0
sam3279,1
sam3280,0
sam3281,0
sam3282,1
sam3283,1
sam3284,0
sam3285,1
sam3286,0
sam3287,1
sam3288,1
sam3289,0
sam3290,1
sam3291,0
sam3292,0
sam3293,1
sam3294,0
sam3295,1
sam3296,0
sam3297,0
sam3298,0
sam3299,0
sam3300,0
sam3301,0
sam3302,0
sam3303,1
sam3304,0
sam3305,0
sam3306,0
sam3307,1
sam3308,0
sam3309,1
sam3310,1
sam3311,1
sam3312,0
sam3313,0
sam3314,1
sam3315,0
sam3316,1
sam3317,0
sam3318,1
sam3319,0
sam3320,1
sam3321,1
sam3322,1
sam3323,1
sam3324,1
sam3325,0
sam3326,0
sam3327,1
sam3328,0
sam3329,1
sam3330,1
sam3331,0
sam3332,1
sam3333,1
sam3334,1
sam3335,0
sam3336,1
sam3337,0
sam3338,0
sam3339,1
sam3340,0
sam3341,0
sam3342,1
sam3343,0
sam3344,0
sam3345,1
sam3346,1
sam3347,1
sam3348,1
sam3349,1
sam3350,1
sam3351,0
sam3352,0
sam3353,1
sam3354,1
sam3355,1
sam3356,1
sam3357,1
sam3358,0
sam3359,1
sam3360,0
sam3361,0
sam3362,0
sam3363,0
sam3364,1
sam3365,0
sam3366,1
sam3367,0
sam3368,1
sam3369,0
sam3370,1
sam3371,0
sam3372,1
sam3373,0
sam3374,0
sam3375,0
sam3376,1
sam3377,0
sam3378,0
sam3379,1
sam3380,1
sam3381,0
sam3382,0
sam3383,0
sam3384,1
sam3385,0
sam3386,1
sam3387,1
sam3388,0
sam3389,0
sam3390,0
sam3391,0
sam3392,1
sam3393,1
sam3394,1
sam3395,0
sam3396,0
sam3397,0
sam3398,0
sam3399,0
sam3400,1
sam3401,1
sam3402,0
sam3403,0
sam3404,0
sam3405,1
sam3406,0
sam3407,0
sam3408,1
sam3409,1
sam3410,0
sam3411,1
sam3412,0
sam3413,1
sam3414,1
sam3415,0
sam3416,0
sam3417,1
sam3418,1
sam3419,0
sam3420,0
sam3421,1
sam3422,0
sam3423,1
sam3424,1
sam3425,1
sam3426,1
sam3427,0
sam3428,0
sam3429,1
sam3430,0
sam3431,0
sam3432,0
sam3433,0
sam3434,1
sam3435,1
sam3436,1
sam3437,0
sam3438,1
sam3439,0
sam3440,1
sam3441,0
sam3442,1
sam3443,0
sam3444,0
sam3445,1
sam3446,0
sam3447,0
sam3448,0
sam3449,1
sam3450,1
sam3451,1
sam3452,0
sam3453,0
sam3454,1
sam3455,0
sam3456,0
sam3457,1
sam3458,1
sam3459,1
sam3460,1
sam3461,0
sam3462,1
sam3463,1
sam3464,1
sam3465,1
sam3466,0
sam3467,1
sam3468,1
sam3469,0
sam3470,1
sam3471,0
sam3472,1
sam3473,1
sam3474,1
sam3475,0
sam3476,0
sam3477,0
sam3478,0
sam3479,1
sam3480,1
sam3481,0
sam3482,0
sam3483,0
sam3484,0
sam3485,1
sam3486,1
sam3487,1
sam3488,1
sam3489,0
sam3490,1
sam3491,0
sam3492,1
sam3493,0
sam3494,0
sam3495,1
sam3496,1
sam3497,0
sam3498,1
sam3499,1
sam3500,0
sam3501,0
sam3502,0
sam3503,1
sam3504,1
sam3505,0
sam3506,0
sam3507,1
sam3508,1
sam3509,1
sam3510,0
sam3511,1
sam3512,0
sam3513,1
sam3514,0
sam3515,0
sam3516,0
sam3517,0
sam3518,0
sam3519,0
sam3520,1
sam3521,1
sam3522,1
sam3523,1
sam3524,0
sam3525,1
sam3526,1
sam3527,0
sam3528,0
sam3529,1
sam3530,0
sam3531,0
sam3532,1
sam3533,1
sam3534,0
sam3535,0
sam3536,0
sam3537,1
sam3538,0
sam3539,0
sam3540,1
sam3541,0
sam3542,0
sam3543,0
sam3544,0
sam3545,0
sam3546,1
sam3547,1
sam3548,0
sam3549,1
sam3550,0
sam3551,0
sam3552,1
sam3553,0
sam3554,0
sam3555,0
sam3556,1
sam3557,1
sam3558,1
sam3559,1
sam3560,1
sam3561,0
sam3562,0
sam3563,0
sam3564,0
sam3565,1
sam3566,1
sam3567,1
sam3568,0
sam3569,1
sam3570,1
sam3571,1
sam3572,0
sam3573,1
sam3574,1
sam3575,1
sam3576,0
sam3577,0
sam3578,0
sam3579,1
sam3580,0
sam3581,1
sam3582,0
sam3583,0
sam3584,1
sam3585,1
sam3586,0
sam3587,0
sam3588,0
sam3589,1
sam3590,0
sam3591,0
sam3592,0
sam3593,1
sam3594,1
sam3595,1
sam3596,1
sam3597,1
sam3598,1
sam3599,0
sam3600,1
sam3601,1
sam3602,1
sam3603,0
sam3604,1
sam3605,1
sam3606,0
sam3607,0
sam3608,0
sam3609,0
sam3610,0
sam3611,1
sam3612,0
sam3613,0
sam3614,0
sam3615,0
sam3616,0
sam3617,1
sam3618,1
sam3619,1
sam3620,0
sam3621,0
sam3622,0
sam3623,0
sam3624,0
sam3625,0
sam3626,0
sam3627,1
sam3628,0
sam3629,1
sam3630,1
sam3631,1
sam3632,1
sam3633,1
sam3634,1
sam3635,1
sam3636,0
sam3637,0
sam3638,1
sam3639,0
sam3640,0
sam3641,0
sam3642,0
sam3643,1
sam3644,1
sam3645,1
sam3646,1
sam3647,1
sam3648,0
sam3649,0
sam3650,0
sam3651,1
sam3652,0
sam3653,0
sam3654,0
sam3655,1
sam3656,1
sam3657,1
sam3658,1
sam3659,0
sam3660,0
sam3661,0
sam3662,0
sam3663,1
sam3664,0
sam3665,1
sam3666,1
sam3667,1
sam3668,1
sam3669,1
sam3670,1
sam3671,1
sam3672,1
sam3673,1
sam3674,0
sam3675,0
sam3676,1
sam3677,0
sam3678,1
sam3679,1
sam3680,1
sam3681,0
sam3682,0
sam3683,1
sam3684,0
sam3685,0
sam3686,0
sam3687,1
sam3688,1
sam3689,0
sam3690,0
sam3691,0
sam3692,1
sam3693,1
sam3694,0
sam3695,0
sam3696,0
sam3697,0
sam3698,1
sam3699,0
sam3700,0
sam3701,1
sam3702,1
sam3703,0
sam3704,1
sam3705,1
sam3706,1
sam3707,1
sam3708,0
sam3709,1
sam3710,0
sam3711,0
sam3712,1
sam3713,1
sam3714,0
sam3715,0
sam3716,1
sam3717,1
sam3718,0
sam3719,0
sam3720,1
sam3721,1
sam3722,1
sam3723,0
sam3724,1
sam3725,1
sam3726,0
sam3727,1
sam3728,0
sam3729,1
sam3730,1
sam3731,0
sam3732,0
sam3733,0
sam3734,1
sam3735,1
sam3736,0
sam3737,1
sam3738,1
sam3739,0
sam3740,0
sam3741,0
sam3742,0
sam3743,1
sam3744,0
sam3745,1
sam3746,0
sam3747,1
sam3748,1
sam3749,1
sam3750,0
sam3751,0
sam3752,1
sam3753,0
sam3754,0
sam3755,0
sam3756,0
sam3757,1
sam3758,0
sam3759,0
sam3760,1
sam3761,1
sam3762,0
sam3763,0
sam3764,0
sam3765,1
sam3766,0
sam3767,1
sam3768,1
sam3769,0
sam3770,0
sam3771,1
sam3772,0
sam3773,0
sam3774,1
sam3775,0
sam3776,0
sam3777,0
sam3778,1
sam3779,0
sam3780,0
sam3781,1
sam3782,1
sam3783,0
sam3784,0
sam3785,0
sam3786,0
sam3787,1
sam3788,1
sam3789,1
sam3790,1
sam3791,1
sam3792,0
sam3793,1
sam3794,0
sam3795,0
sam3796,0
sam3797,1
sam3798,1
sam3799,1
sam3800,1
sam3801,1
sam3802,1
sam3803,1
sam3804,1
sam3805,1
sam3806,1
sam3807,1
sam3808,1
sam3809,0
sam3810,1
sam3811,1
sam3812,1
sam3813,0
sam3814,0
sam3815,0
sam3816,0
sam3817,1
sam3818,1
sam3819,0
sam3820,0
sam3821,0
sam3822,0
sam3823,0
sam3824,1
sam3825,1
sam3826,1
sam3827,0
sam3828,0
sam3829,0
sam3830,0
sam3831,1
sam3832,0
sam3833,0
sam3834,1
sam3835,0
sam3836,0
sam3837,0
sam3838,1
sam3839,0
sam3840,1
sam3841,1
sam3842,0
sam3843,1
sam3844,0
sam3845,1
sam3846,0
sam3847,0
sam3848,1
sam3849,0
sam3850,0
sam3851,0
sam3852,0
sam3853,1
sam3854,1
sam3855,1
sam3856,0
sam3857,0
sam3858,0
sam3859,1
sam3860,0
sam3861,0
sam3862,1
sam3863,1
sam3864,1
sam3865,1
sam3866,1
sam3867,0
sam3868,0
sam3869,1
sam3870,1
sam3871,1
sam3872,0
sam3873,0
sam3874,1
sam3875,1
sam3876,1
sam3877,1
sam3878,0
sam3879,0
sam3880,1
sam3881,0
sam3882,0
sam3883,1
sam3884,0
sam3885,0
sam3886,0
sam3887,1
sam3888,0
sam3889,1
sam3890,1
sam3891,0
sam3892,1
sam3893,0
sam3894,1
sam3895,1
sam3896,1
sam3897,1
sam3898,0
sam3899,0
sam3900,0
sam3901,1
sam3902,0
sam3903,0
sam3904,1
sam3905,0
sam3906,1
sam3907,0
sam3908,1
sam3909,0
sam3910,1
sam3911,0
sam3912,1
sam3913,0
sam3914,0
sam3915,1
sam3916,0
sam3917,0
sam3918,0
sam3919,0
sam3920,1
sam3921,1
sam3922,1
sam3923,0
sam3924,0
sam3925,0
sam3926,1
sam3927,1
sam3928,0
sam3929,1
sam3930,1
sam3931,1
sam3932,1
sam3933,0
sam3934,1
sam3935,1
sam3936,1
sam3937,1
sam3938,0
sam3939,1
sam3940,0
sam3941,1
sam3942,1
sam3943,0
sam3944,0
sam3945,0
sam3946,0
sam3947,0
sam3948,1
sam3949,1
sam3950,1
sam3951,1
sam3952,0
sam3953,1
sam3954,0
sam3955,1
sam3956,1
sam3957,1
sam3958,1
sam3959,0
sam3960,0
sam3961,0
sam3962,1
sam3963,1
sam3964,0
sam3965,1
sam3966,1
sam3967,0
sam3968,1
sam3969,1
sam3970,1
sam3971,1
sam3972,0
sam3973,1
sam3974,0
sam3975,0
sam3976,0
sam3977,1
sam3978,0
sam3979,0
sam3980,1
sam3981,1
sam3982,1
sam3983,1
sam3984,1
sam3985,0
sam3986,1
sam3987,1
sam3988,1
sam3989,1
sam3990,0
sam3991,1
sam3992,0
sam3993,1
sam3994,1
sam3995,0
sam3996,0
sam3997,0
sam3998,1
sam3999,1
sam4000,0
sam4001,0
sam4002,1
sam4003,1
sam4004,0
sam4005,1
sam4006,0
sam4007,0
sam4008,0
sam4009,0
sam4010,1
sam4011,1
sam4012,0
sam4013,0
sam4014,0
sam4015,1
sam4016,0
sam4017,1
sam4018,1
sam4019,1
sam4020,1
sam4021,0
sam4022,0
sam4023,0
sam4024,0
sam4025,0
sam4026,1
sam4027,1
sam4028,0
sam4029,1
sam4030,1
sam4031,0
sam4032,1
sam4033,1
sam4034,1
sam4035,1
sam4036,0
sam4037,1
sam4038,1
sam4039,1
sam4040,0
sam4041,1
sam4042,0
sam4043,1
sam4044,1
sam4045,1
sam4046,0
sam4047,0
sam4048,0
sam4049,0
sam4050,1
sam4051,1
sam4052,1
sam4053,1
sam4054,0
sam4055,0
sam4056,1
sam4057,1
sam4058,1
sam4059,1
sam4060,0
sam4061,1
sam4062,1
sam4063,1
sam4064,1
sam4065,0
sam4066,0
sam4067,1
sam4068,0
sam4069,0
sam4070,1
sam4071,1
sam4072,1
sam4073,1
sam4074,0
sam4075,0
sam4076,1
sam4077,1
sam4078,0
sam4079,0
sam4080,0
sam4081,1
sam4082,1
sam4083,1
sam4084,1
sam4085,0
sam4086,0
sam4087,0
sam4088,0
sam4089,1
sam4090,0
sam4091,0
sam4092,0
sam4093,0
sam4094,0
sam4095,1
sam4096,0
sam4097,0
sam4098,1
sam4099,1
sam4100,1
sam4101,1
sam4102,1
sam4103,0
sam4104,1
sam4105,0
sam4106,1
sam4107,1
sam4108,1
sam4109,1
sam4110,1
sam4111,0
sam4112,0
sam4113,1
sam4114,0
sam4115,0
sam4116,0
sam4117,1
sam4118,1
sam4119,0
sam4120,1
sam4121,0
sam4122,0
sam4123,1
sam4124,1
sam4125,0
sam4126,1
sam4127,1
sam4128,1
sam4129,1
sam4130,1
sam4131,0
sam4132,0
sam4133,0
sam4134,0
sam4135,1
sam4136,1
sam4137,1
sam4138,1
sam4139,0
sam4140,1
sam4141,0
sam4142,0
sam4143,1
sam4144,0
sam4145,1
sam4146,1
sam4147,1
sam4148,0
sam4149,0
sam4150,0
sam4151,1
sam4152,0
sam4153,0
sam4154,1
sam4155,0
sam4156,0
sam4157,1
sam4158,0
sam4159,0
sam4160,0
sam4161,0
sam4162,0
sam4163,1
sam4164,0
sam4165,0
sam4166,1
sam4167,0
sam4168,1
sam4169,0
sam4170,0
sam4171,0
sam4172,0
sam4173,0
sam4174,0
sam4175,1
sam4176,1
sam4177,0
sam4178,1
sam4179,0
sam4180,0
sam4181,1
sam4182,1
sam4183,1
sam4184,1
sam4185,0
sam4186,0
sam4187,1
sam4188,1
sam4189,0
sam4190,1
sam4191,0
sam4192,0
sam4193,1
sam4194,0
sam4195,1
sam4196,0
sam4197,0
sam4198,1
sam4199,1
sam4200,1
sam4201,0
sam4202,1
sam4203,0
sam4204,0
sam4205,1
sam4206,0
sam4207,1
sam4208,0
sam4209,1
sam4210,1
sam4211,0
sam4212,1
sam4213,1
sam4214,0
sam4215,0
sam4216,1
sam4217,1
sam4218,1
sam4219,1
sam4220,1
sam4221,0
sam4222,1
sam4223,1
sam4224,0
sam4225,0
sam4226,0
sam4227,1
sam4228,1
sam4229,0
sam4230,0
sam4231,1
sam4232,0
sam4233,0
sam4234,0
sam4235,1
sam4236,1
sam4237,1
sam4238,1
sam4239,1
sam4240,0
sam4241,1
sam4242,0
sam4243,1
sam4244,0
sam4245,1
sam4246,1
sam4247,0
sam4248,1
sam4249,0
sam4250,1
sam4251,0
sam4252,1
sam4253,1
sam4254,1
sam4255,1
sam4256,1
sam4257,1
sam4258,1
sam4259,0
sam4260,0
sam4261,1
sam4262,1
sam4263,0
sam4264,0
sam4265,0
sam4266,0
sam4267,0
sam4268,0
sam4269,0
sam4270,0
sam4271,0
sam4272,0
sam4273,0
sam4274,0
sam4275,0
sam4276,0
sam4277,1
sam4278,0
sam4279,1
sam4280,1
sam4281,1
sam4282,0
sam4283,0
sam4284,0
sam4285,0
sam4286,0
sam4287,1
sam4288,1
sam4289,1
sam4290,0
sam4291,0
sam4292,0
sam4293,1
sam4294,0
sam4295,1
sam4296,0
sam4297,0
sam4298,1
sam4299,1
sam4300,1
sam4301,0
sam4302,0
sam4303,0
sam4304,0
sam4305,0
sam4306,0
sam4307,0
sam4308,1
sam4309,1
sam4310,0
sam4311,1
sam4312,0
sam4313,1
sam4314,0
sam4315,1
sam4316,0
sam4317,1
sam4318,0
sam4319,0
sam4320,1
sam4321,1
sam4322,0
sam4323,0
sam4324,1
sam4325,1
sam4326,0
sam4327,1
sam4328,0
sam4329,1
sam4330,1
sam4331,1
sam4332,1
sam4333,1
sam4334,0
sam4335,0
sam4336,0
sam4337,0
sam4338,1
sam4339,1
sam4340,0
sam4341,0
sam4342,0
sam4343,1
sam4344,1
sam4345,0
sam4346,0
sam4347,0
sam4348,1
sam4349,1
sam4350,1
sam4351,0
sam4352,0
sam4353,0
sam4354,1
sam4355,1
sam4356,0
sam4357,1
sam4358,1
sam4359,1
sam4360,1
sam4361,1
sam4362,1
sam4363,0
sam4364,0
sam4365,1
sam4366,0
sam4367,1
sam4368,1
sam4369,1
sam4370,0
sam4371,0
sam4372,1
sam4373,0
sam4374,1
sam4375,0
sam4376,1
sam4377,1
sam4378,1
sam4379,0
sam4380,0
sam4381,1
sam4382,0
sam4383,1
sam4384,0
sam4385,1
sam4386,1
sam4387,0
sam4388,0
sam4389,1
sam4390,0
sam4391,1
sam4392,1
sam4393,1
sam4394,0
sam4395,1
sam4396,0
sam4397,1
sam4398,1
sam4399,1
sam4400,0
sam4401,0
sam4402,0
sam4403,1
sam4404,0
sam4405,0
sam4406,0
sam4407,1
sam4408,1
sam4409,0
sam4410,1
sam4411,1
sam4412,0
sam4413,0
sam4414,1
sam4415,0
sam4416,1
sam4417,1
sam4418,1
sam4419,1
sam4420,1
sam4421,0
sam4422,0
sam4423,1
sam4424,0
sam4425,1
sam4426,0
sam4427,1
sam4428,0
sam4429,1
sam4430,0
sam4431,0
sam4432,0
sam4433,0
sam4434,0
sam4435,0
sam4436,0
sam4437,0
sam4438,0
sam4439,0
sam4440,1
sam4441,0
sam4442,1
sam4443,1
sam4444,1
sam4445,1
sam4446,0
sam4447,0
sam4448,0
sam4449,1
sam4450,0
sam4451,1
sam4452,1
sam4453,0
sam4454,1
sam4455,1
sam4456,0
sam4457,1
sam4458,1
sam4459,1
sam4460,1
sam4461,0
sam4462,0
sam4463,0
sam4464,1
sam4465,0
sam4466,0
sam4467,1
sam4468,1
sam4469,0
sam4470,1
sam4471,0
sam4472,0
sam4473,1
sam4474,0
sam4475,0
sam4476,0
sam4477,1
sam4478,0
sam4479,0
sam4480,1
sam4481,1
sam4482,1
sam4483,0
sam4484,0
sam4485,0
sam4486,1
sam4487,0
sam4488,1
sam4489,0
sam4490,0
sam4491,1
sam4492,1
sam4493,1
sam4494,1
sam4495,0
sam4496,0
sam4497,0
sam4498,0
sam4499,0
sam4500,1
sam4501,0
sam4502,0
sam4503,1
sam4504,0
sam4505,1
sam4506,1
sam4507,0
sam4508,0
sam4509,0
sam4510,0
sam4511,0
sam4512,0
sam4513,1
sam4514,1
sam4515,0
sam4516,1
sam4517,1
sam4518,1
sam4519,1
sam4520,1
sam4521,1
sam4522,0
sam4523,1
sam4524,0
sam4525,0
sam4526,0
sam4527,1
sam4528,1
sam4529,0
sam4530,0
sam4531,0
sam4532,1
sam4533,1
sam4534,1
sam4535,1
sam4536,0
sam4537,0
sam4538,0
sam4539,1
sam4540,0
sam4541,1
sam4542,1
sam4543,0
sam4544,0
sam4545,1
sam4546,1
sam4547,1
sam4548,1
sam4549,0
sam4550,0
sam4551,0
sam4552,0
sam4553,1
sam4554,0
sam4555,0
sam4556,0
sam4557,1
sam4558,1
sam4559,0
sam4560,1
sam4561,0
sam4562,1
sam4563,1
sam4564,1
sam4565,0
sam4566,0
sam4567,1
sam4568,0
sam4569,1
sam4570,0
sam4571,1
sam4572,1
sam4573,0
sam4574,1
sam4575,1
sam4576,1
sam4577,0
sam4578,1
sam4579,1
sam4580,1
sam4581,0
sam4582,0
sam4583,0
sam4584,1
sam4585,1
sam4586,1
sam4587,0
sam4588,0
sam4589,0
sam4590,1
sam4591,1
sam4592,1
sam4593,0
sam4594,0
sam4595,1
sam4596,1
sam4597,1
sam4598,1
sam4599,0
sam4600,0
sam4601,1
sam4602,1
sam4603,0
sam4604,0
sam4605,1
sam4606,0
sam4607,0
sam4608,0
sam4609,0
sam4610,0
sam4611,0
sam4612,1
sam4613,0
sam4614,1
sam4615,0
sam4616,0
sam4617,1
sam4618,0
sam4619,1
sam4620,0
sam4621,0
sam4622,0
sam4623,0
sam4624,0
sam4625,1
sam4626,1
sam4627,1
sam4628,0
sam4629,0
sam4630,0
sam4631,0
sam4632,1
sam4633,1
sam4634,0
sam4635,1
sam4636,0
sam4637,1
sam4638,0
sam4639,1
sam4640,1
sam4641,1
sam4642,1
sam4643,0
sam4644,1
sam4645,1
sam4646,1
sam4647,0
sam4648,0
sam4649,1
sam4650,0
sam4651,0
sam4652,1
sam4653,0
sam4654,0
sam4655,0
sam4656,0
sam4657,0
sam4658,0
sam4659,0
sam4660,0
sam4661,0
sam4662,0
sam4663,1
sam4664,1
sam4665,1
sam4666,1
sam4667,0
sam4668,0
sam4669,0
sam4670,0
sam4671,0
sam4672,1
sam4673,1
sam4674,1
sam4675,0
sam4676,1
sam4677,1
sam4678,1
sam4679,0
sam4680,0
sam4681,1
sam4682,0
sam4683,0
sam4684,1
sam4685,0
sam4686,0
sam4687,0
sam4688,1
sam4689,1
sam4690,1
sam4691,1
sam4692,0
sam4693,1
sam4694,0
sam4695,1
sam4696,1
sam4697,0
sam4698,1
sam4699,0
sam4700,0
sam4701,0
sam4702,0
sam4703,0
sam4704,1
sam4705,1
sam4706,0
sam4707,1
sam4708,1
sam4709,0
sam4710,0
sam4711,0
sam4712,0
sam4713,0
sam4714,0
sam4715,1
sam4716,1
sam4717,1
sam4718,0
sam4719,0
sam4720,1
sam4721,1
sam4722,1
sam4723,0
sam4724,0
sam4725,1
sam4726,0
sam4727,1
sam4728,1
sam4729,0
sam4730,0
sam4731,1
sam4732,0
sam4733,1
sam4734,0
sam4735,0
sam4736,1
sam4737,1
sam4738,0
sam4739,0
sam4740,0
sam4741,1
sam4742,1
sam4743,1
sam4744,0
sam4745,1
sam4746,0
sam4747,1
sam4748,0
sam4749,0
sam4750,0
sam4751,1
sam4752,1
sam4753,1
sam4754,1
sam4755,0
sam4756,0
sam4757,0
sam4758,1
sam4759,1
sam4760,0
sam4761,1
sam4762,0
sam4763,1
sam4764,1
sam4765,1
sam4766,0
sam4767,0
sam4768,0
sam4769,1
sam4770,1
sam4771,1
sam4772,1
sam4773,1
sam4774,1
sam4775,1
sam4776,0
sam4777,0
sam4778,0
sam4779,1
sam4780,1
sam4781,1
sam4782,0
sam4783,0
sam4784,1
sam4785,1
sam4786,0
sam4787,0
sam4788,1
sam4789,1
sam4790,0
sam4791,1
sam4792,0
sam4793,1
sam4794,1
sam4795,0
sam4796,1
sam4797,1
sam4798,1
sam4799,1
sam4800,1
sam4801,1
sam4802,1
sam4803,0
sam4804,1
sam4805,1
sam4806,1
sam4807,1
sam4808,1
sam4809,1
sam4810,1
sam4811,1
sam4812,0
sam4813,1
sam4814,0
sam4815,1
sam4816,1
sam4817,1
sam4818,0
sam4819,0
sam4820,1
sam4821,0
sam4822,0
sam4823,0
sam4824,0
sam4825,1
sam4826,0
sam4827,0
sam4828,1
sam4829,0
sam4830,0
sam4831,1
sam4832,1
sam4833,0
sam4834,1
sam4835,0
sam4836,0
sam4837,0
sam4838,1
sam4839,0
sam4840,0
sam4841,1
sam4842,0
sam4843,0
sam4844,0
sam4845,0
sam4846,0
sam4847,1
sam4848,1
sam4849,0
sam4850,1
sam4851,1
sam4852,1
sam4853,1
sam4854,0
sam4855,1
sam4856,0
sam4857,1
sam4858,1
sam4859,1
sam4860,1
sam4861,1
sam4862,0
sam4863,1
sam4864,0
sam4865,1
sam4866,1
sam4867,0
sam4868,1
sam4869,0
sam4870,1
sam4871,1
sam4872,0
sam4873,1
sam4874,0
sam4875,1
sam4876,0
sam4877,1
sam4878,0
sam4879,1
sam4880,1
sam4881,1
sam4882,1
sam4883,0
sam4884,0
sam4885,0
sam4886,1
sam4887,0
sam4888,1
sam4889,0
sam4890,0
sam4891,1
sam4892,1
sam4893,1
sam4894,0
sam4895,1
sam4896,1
sam4897,0
sam4898,0
sam4899,1
sam4900,1
sam4901,0
sam4902,0
sam4903,0
sam4904,0
sam4905,0
sam4906,0
sam4907,0
sam4908,1
sam4909,1
sam4910,1
sam4911,0
sam4912,1
sam4913,1
sam4914,0
sam4915,1
sam4916,0
sam4917,1
sam4918,0
sam4919,1
sam4920,1
sam4921,1
sam4922,0
sam4923,0
sam4924,1
sam4925,0
sam4926,1
sam4927,0
sam4928,1
sam4929,0
sam4930,0
sam4931,1
sam4932,1
sam4933,1
sam4934,0
sam4935,0
sam4936,0
sam4937,0
sam4938,1
sam4939,0
sam4940,1
sam4941,1
sam4942,1
sam4943,0
sam4944,0
sam4945,0
sam4946,1
sam4947,0
sam4948,1
sam4949,0
sam4950,0
sam4951,1
sam4952,1
sam4953,0
sam4954,0
sam4955,0
sam4956,1
sam4957,1
sam4958,1
sam4959,1
sam4960,0
sam4961,0
sam4962,0
sam4963,0
sam4964,0
sam4965,0
sam4966,1
sam4967,1
sam4968,0
sam4969,0
sam4970,1
sam4971,1
sam4972,0
sam4973,0
sam4974,1
sam4975,1
sam4976,0
sam4977,1
sam4978,0
sam4979,0
sam4980,1
sam4981,1
sam4982,0
sam4983,0
sam4984,1
sam4985,1
sam4986,0
sam4987,0
sam4988,1
sam4989,0
sam4990,1
sam4991,1
sam4992,0
sam4993,0
sam4994,0
sam4995,1
sam4996,0
sam4997,0
sam4998,1
sam4999,0
sam5000,0
